[
  {
    "id": 2,
    "cliente_nome": "jhon",
    "cliente_telefone": "11930402675",
    "servico_id": 1,
    "servico_nome": "Corte Masculino",
    "servico_preco": 35,
    "colaborador_id": 1,
    "colaborador_nome": "João Silva",
    "data_agendamento": "2025-10-13",
    "horario_agendamento": "18:00",
    "duracao_estimada": 45,
    "forma_pagamento": "Dinheiro",
    "observacoes": "",
    "data_criacao": "2025-10-13T01:14:10.807Z",
    "status": "cancelado",
    "confirmado_em": "2025-10-13T15:26:49.143Z",
    "cancelado_em": "2025-10-13T15:51:33.718Z",
    "motivo_cancelamento": "CAncelar"
  },
  {
    "cliente_nome": "jogaday",
    "cliente_telefone": "11930402675",
    "servico_id": "1",
    "servico_nome": "Corte Masculino",
    "servico_preco": 35,
    "colaborador_id": 1,
    "colaborador_nome": "Ray davidson",
    "data_agendamento": "2025-10-13",
    "horario_agendamento": "18:00",
    "duracao_estimada": 45,
    "forma_pagamento": "Dinheiro",
    "observacoes": "",
    "id": 1,
    "data_criacao": "2025-10-13T01:37:30.984Z",
    "status": "Concluído",
    "data_conclusao": "2025-10-13T01:37:48.236Z"
  },
  {
    "cliente_nome": "Jhonatan",
    "cliente_telefone": "(11) 93040-2675",
    "servico_id": "2",
    "servico_nome": "Barba Completa",
    "servico_preco": 25,
    "colaborador_id": 3,
    "colaborador_nome": "André Santos",
    "data_agendamento": "2025-10-13",
    "horario_agendamento": "16:00",
    "duracao_estimada": 30,
    "forma_pagamento": "Dinheiro",
    "observacoes": "Teste",
    "id": 3,
    "data_criacao": "2025-10-13T15:15:56.160Z",
    "status": "Concluído",
    "data_conclusao": "2025-10-13T15:17:14.602Z"
  },
  {
    "cliente_nome": "Jhonatan",
    "cliente_telefone": "(11) 93040-2675",
    "servico_id": "3",
    "servico_nome": "Pacote Completo",
    "servico_preco": 55,
    "colaborador_id": 3,
    "colaborador_nome": "André Santos",
    "data_agendamento": "2025-10-13",
    "horario_agendamento": "16:00",
    "duracao_estimada": 75,
    "forma_pagamento": "Dinheiro",
    "observacoes": "",
    "id": 4,
    "data_criacao": "2025-10-13T15:39:25.595Z",
    "status": "cancelado",
    "cancelado_em": "2025-10-13T15:51:33.723Z",
    "motivo_cancelamento": "CAncelar"
  },
  {
    "cliente_nome": "CRKItisuine",
    "cliente_telefone": "(11) 93040-2675",
    "servico_id": "5",
    "servico_nome": "Barboterapia",
    "servico_preco": 40,
    "colaborador_id": 1,
    "colaborador_nome": "Ray davidson",
    "data_agendamento": "2025-10-14",
    "horario_agendamento": "16:00",
    "duracao_estimada": 50,
    "forma_pagamento": "Dinheiro",
    "observacoes": "wdw",
    "id": 5,
    "data_criacao": "2025-10-13T15:50:59.055Z",
    "status": "Concluído",
    "data_conclusao": "2025-10-13T15:52:34.218Z"
  },
  {
    "cliente_nome": "Teste",
    "cliente_telefone": "(11) 93040-2675",
    "servico_id": "4",
    "servico_nome": "Sobrancelha",
    "servico_preco": 15,
    "colaborador_id": 1,
    "colaborador_nome": "Ray davidson",
    "data_agendamento": "2025-10-13",
    "horario_agendamento": "18:00",
    "duracao_estimada": 20,
    "forma_pagamento": "Dinheiro",
    "observacoes": "teste",
    "id": 6,
    "data_criacao": "2025-10-13T16:13:55.130Z",
    "status": "cancelado",
    "cancelado_em": "2025-10-13T16:35:14.836Z",
    "motivo_cancelamento": "lol"
  },
  {
    "telefone": "5511999999999",
    "nome_cliente": "Teste Autom",
    "horario": "14:30",
    "data_agendamento": "2025-11-05",
    "servico": "Corte",
    "id": 7,
    "data_criacao": "2025-10-13T16:20:08.411Z",
    "status": "Concluído",
    "data_conclusao": "2025-10-13T16:23:40.091Z"
  },
  {
    "telefone": "5511987654321",
    "nome_cliente": "BugDate",
    "horario": "10:00",
    "data_agendamento": "2025-12-20",
    "servico": "Teste",
    "id": 8,
    "data_criacao": "2025-10-13T16:22:44.157Z",
    "status": "Concluído",
    "data_conclusao": "2025-10-13T16:23:43.370Z"
  },
  {
    "telefone": "5511987654322",
    "nome_cliente": "BugDate2",
    "horario": "11:00",
    "data_agendamento": "2025-12-20",
    "servico": "Teste2",
    "id": 9,
    "data_criacao": "2025-10-13T16:23:31.425Z",
    "status": "Concluído",
    "data_conclusao": "2025-10-13T16:23:44.632Z"
  },
  {
    "cliente_nome": "jogaday",
    "cliente_telefone": "11998761833",
    "servico_id": "5",
    "servico_nome": "Barboterapia",
    "servico_preco": 40,
    "colaborador_id": 1,
    "colaborador_nome": "Ray davidson",
    "data_agendamento": "2025-10-13",
    "horario_agendamento": "15:00",
    "duracao_estimada": 50,
    "forma_pagamento": "Dinheiro",
    "observacoes": "",
    "id": 10,
    "data_criacao": "2025-10-13T16:32:33.331Z",
    "status": "cancelado",
    "cancelado_em": "2025-10-13T16:35:14.842Z",
    "motivo_cancelamento": "lol"
  },
  {
    "cliente_nome": "S1E1_V2",
    "cliente_telefone": "11998761833",
    "servico_id": "2",
    "servico_nome": "Barba Completa",
    "servico_preco": 25,
    "colaborador_id": 1,
    "colaborador_nome": "Ray davidson",
    "data_agendamento": "2025-10-13",
    "horario_agendamento": "16:00",
    "duracao_estimada": 30,
    "forma_pagamento": "Dinheiro",
    "observacoes": "",
    "id": 11,
    "data_criacao": "2025-10-13T16:32:58.113Z",
    "status": "cancelado",
    "cancelado_em": "2025-10-13T16:35:14.849Z",
    "motivo_cancelamento": "lol"
  },
  {
    "cliente_nome": "jogaday",
    "cliente_telefone": "11930402675",
    "servico_id": "4",
    "servico_nome": "Sobrancelha",
    "servico_preco": 15,
    "colaborador_id": 3,
    "colaborador_nome": "André Santos",
    "data_agendamento": "2025-10-13",
    "horario_agendamento": "18:00",
    "duracao_estimada": 20,
    "forma_pagamento": "Dinheiro",
    "observacoes": "",
    "id": 12,
    "data_criacao": "2025-10-13T16:33:10.933Z",
    "status": "cancelado",
    "cancelado_em": "2025-10-13T16:35:14.855Z",
    "motivo_cancelamento": "lol"
  },
  {
    "cliente_nome": "GAy",
    "cliente_telefone": "(11) 93040-2675",
    "servico_id": "4",
    "servico_nome": "Sobrancelha",
    "servico_preco": 15,
    "colaborador_id": 1,
    "colaborador_nome": "Ray davidson",
    "data_agendamento": "2025-10-13",
    "horario_agendamento": "15:00",
    "duracao_estimada": 20,
    "forma_pagamento": "Dinheiro",
    "observacoes": "wdwa",
    "id": 13,
    "data_criacao": "2025-10-13T17:03:50.269Z",
    "status": "Agendado"
  },
  {
    "cliente_nome": "Kedma Barbosa Ferreira",
    "cliente_telefone": "(11) 93040-2675",
    "servico_id": "3",
    "servico_nome": "Pacote Completo",
    "servico_preco": 55,
    "colaborador_id": 2,
    "colaborador_nome": "Carlos Oliveira",
    "data_agendamento": "2025-10-13",
    "horario_agendamento": "18:00",
    "duracao_estimada": 75,
    "forma_pagamento": "Dinheiro",
    "observacoes": "dwdwa",
    "id": 14,
    "data_criacao": "2025-10-13T17:04:03.252Z",
    "status": "Agendado"
  },
  {
    "cliente_nome": "ddwd",
    "cliente_telefone": "(11) 93040-2675",
    "servico_id": "5",
    "servico_nome": "Barboterapia",
    "servico_preco": 40,
    "colaborador_id": 1,
    "colaborador_nome": "Ray davidson",
    "data_agendamento": "2025-10-13",
    "horario_agendamento": "16:00",
    "duracao_estimada": 50,
    "forma_pagamento": "Dinheiro",
    "observacoes": "",
    "id": 15,
    "data_criacao": "2025-10-13T17:12:14.976Z",
    "status": "Agendado"
  },
  {
    "cliente_nome": "João Victor",
    "cliente_telefone": "11998761833",
    "servico_id": "3",
    "servico_nome": "Pacote Completo",
    "servico_preco": 55,
    "colaborador_id": 1,
    "colaborador_nome": "Ray davidson",
    "data_agendamento": "2025-10-13",
    "horario_agendamento": "09:00",
    "duracao_estimada": 75,
    "forma_pagamento": "Dinheiro",
    "observacoes": "",
    "id": 16,
    "data_criacao": "2025-10-13T17:12:30.927Z",
    "status": "Agendado"
  },
  {
    "cliente_nome": "jogadaBOT",
    "cliente_telefone": "11930402675",
    "servico_id": "5",
    "servico_nome": "Barboterapia",
    "servico_preco": 40,
    "colaborador_id": 1,
    "colaborador_nome": "Ray davidson",
    "data_agendamento": "2025-10-13",
    "horario_agendamento": "17:00",
    "duracao_estimada": 50,
    "forma_pagamento": "Dinheiro",
    "observacoes": "",
    "id": 17,
    "data_criacao": "2025-10-13T17:17:19.128Z",
    "status": "Agendado"
  },
  {
    "cliente_nome": "S1E1_V2",
    "cliente_telefone": "11998761833",
    "servico_id": "1",
    "servico_nome": "Corte Masculino",
    "servico_preco": 35,
    "colaborador_id": 2,
    "colaborador_nome": "Carlos Oliveira",
    "data_agendamento": "2025-10-20",
    "horario_agendamento": "10:00",
    "duracao_estimada": 45,
    "forma_pagamento": "Dinheiro",
    "observacoes": "",
    "id": 18,
    "data_criacao": "2025-10-13T17:18:08.953Z",
    "status": "Agendado"
  }
]