[
  {
    "timestamp": "2025-10-13T16:31:49.101Z",
    "type": "info",
    "message": "Iniciando conexão - QR Code"
  },
  {
    "timestamp": "2025-10-13T16:31:50.192Z",
    "type": "success",
    "message": "WhatsApp conectado com sucesso"
  },
  {
    "timestamp": "2025-10-13T16:32:04.861Z",
    "type": "success",
    "message": "Mensagem enviada para 5511930402675"
  },
  {
    "timestamp": "2025-10-13T16:32:24.021Z",
    "type": "info",
    "message": "Nova mensagem recebida"
  },
  {
    "timestamp": "2025-10-13T16:34:10.347Z",
    "type": "success",
    "message": "Mensagem enviada para 5511930402675"
  },
  {
    "timestamp": "2025-10-13T16:34:10.790Z",
    "type": "success",
    "message": "Mensagem enviada para 5511998761833"
  },
  {
    "timestamp": "2025-10-13T16:34:10.806Z",
    "type": "success",
    "message": "Mensagem enviada para 5511930402675"
  },
  {
    "timestamp": "2025-10-13T16:34:28.295Z",
    "type": "success",
    "message": "Mensagem enviada para 5511998761833"
  },
  {
    "timestamp": "2025-10-13T16:35:14.836Z",
    "type": "success",
    "message": "Mensagem enviada para 5511930402675"
  },
  {
    "timestamp": "2025-10-13T16:35:14.842Z",
    "type": "success",
    "message": "Mensagem enviada para 5511998761833"
  },
  {
    "timestamp": "2025-10-13T16:35:14.855Z",
    "type": "success",
    "message": "Mensagem enviada para 5511930402675"
  },
  {
    "timestamp": "2025-10-13T16:35:26.238Z",
    "type": "success",
    "message": "Mensagem enviada para 5511998761833"
  },
  {
    "timestamp": "2025-10-13T16:38:14.720Z",
    "type": "info",
    "message": "Nova mensagem recebida"
  },
  {
    "timestamp": "2025-10-13T16:39:54.788Z",
    "type": "info",
    "message": "Nova mensagem recebida"
  },
  {
    "timestamp": "2025-10-13T16:44:25.815Z",
    "type": "info",
    "message": "Nova mensagem recebida"
  },
  {
    "timestamp": "2025-10-13T16:45:18.809Z",
    "type": "info",
    "message": "Nova mensagem recebida"
  },
  {
    "timestamp": "2025-10-13T16:46:38.217Z",
    "type": "info",
    "message": "Nova mensagem recebida"
  },
  {
    "timestamp": "2025-10-13T16:49:26.049Z",
    "type": "info",
    "message": "Nova mensagem recebida"
  },
  {
    "timestamp": "2025-10-13T17:00:30.223Z",
    "type": "info",
    "message": "Nova mensagem recebida"
  },
  {
    "timestamp": "2025-10-13T17:02:15.549Z",
    "type": "info",
    "message": "Nova mensagem recebida"
  },
  {
    "timestamp": "2025-10-13T17:03:14.850Z",
    "type": "info",
    "message": "Nova mensagem recebida"
  },
  {
    "timestamp": "2025-10-13T17:04:27.488Z",
    "type": "info",
    "message": "Nova mensagem recebida"
  },
  {
    "timestamp": "2025-10-13T17:06:20.867Z",
    "type": "info",
    "message": "Nova mensagem recebida"
  },
  {
    "timestamp": "2025-10-13T17:10:12.814Z",
    "type": "info",
    "message": "Nova mensagem recebida"
  }
]