{"noiseKey":{"private":{"type":"Buffer","data":"GFA2w8bdjukYIcx7TMktIvP927FBsPoqWDa7FhEXrlI="},"public":{"type":"Buffer","data":"yV0DxznUt64pKbUbDxJwURmLKLaNE8UKOQuzjAon9Uk="}},"pairingEphemeralKeyPair":{"private":{"type":"Buffer","data":"qHjkGaJdYjZXg0UiE0QgJrXV2Jlfttx7Yg4lCRnLdkw="},"public":{"type":"Buffer","data":"xgpsnVl2vXCTiAC2g6iZ7UQuVy1wNxD/SJWAtlzlSlo="}},"signedIdentityKey":{"private":{"type":"Buffer","data":"cF2eYbbK6bkBVh2baXcfpNkM4mNkc7gTnXXipMbQwnM="},"public":{"type":"Buffer","data":"fCzT1vLM4/YS97LfWp94yXHGJN814N9nI3N6eUxBmig="}},"signedPreKey":{"keyPair":{"private":{"type":"Buffer","data":"gE0bPDnjfcJnUy/yd24aM9hY/HRN/aG5zDg+vA6g9kQ="},"public":{"type":"Buffer","data":"zwOS08YbXas8p/TDOi6KlizOQukTGc1G2Ijwf0ASgFM="}},"signature":{"type":"Buffer","data":"EGP+HcUWQGvOPgpgzHL6bXyhk7oeR63CBuThpXzzxb834rJ8/FvbMscsZDyHzUnq4xIavfBBhdhfGyR+7V30jA=="},"keyId":1},"registrationId":65,"advSecretKey":"ae5TYZC0cEsFuw5knGrYrqGcrwS5rFKliSMp7R+kYVI=","processedHistoryMessages":[],"nextPreKeyId":31,"firstUnuploadedPreKeyId":31,"accountSyncCounter":0,"accountSettings":{"unarchiveChats":false},"registered":false,"account":{"details":"CMP/vqwEELjGlscGGDcgACgA","accountSignatureKey":"j2CgUrSAQniWObQrPYG8kOGT3Ky/1W33rWhg9IbN83k=","accountSignature":"yn6FFNzlDzJETl9gtps/fErYE9S4AZ/yK9z+m+56Wd57bjSON6hXhIrU2pW0KPlcD/pnMM6ZUezldT/K+SqRCg==","deviceSignature":"U7q8RXbm2i7Isp3E2JkHHKxAxRlHKBZRerizplIopMRGVKvalS91E3h8pKJwFweQVMVg+4LXliXL2+PB6W7Ggg=="},"me":{"id":"5511998761833:56@s.whatsapp.net","lid":"181071576580335:56@lid","name":"koll"},"signalIdentities":[{"identifier":{"name":"5511998761833:56@s.whatsapp.net","deviceId":0},"identifierKey":{"type":"Buffer","data":"BY9goFK0gEJ4ljm0Kz2BvJDhk9ysv9Vt961oYPSGzfN5"}}],"platform":"android","routingInfo":{"type":"Buffer","data":"CBIIDQ=="},"lastAccountSyncTimestamp":1759880864,"myAppStateKeyId":"AAAAAEuC"}