{"_sessions":{"BdYvvEMKLooMDGhgJvYkG38IS7BfKEhSb92qGsf90Bxu":{"registrationId":1501750707,"currentRatchet":{"ephemeralKeyPair":{"pubKey":"Bcdumx9NLwy8VFJQ5G+dlv/WDV8BIaivJRCjDP6URdpX","privKey":"sKycBB/R67SeK56ufnWGJ7CaDd6+V1/a03CkARY3g3E="},"lastRemoteEphemeralKey":"BUE2bRRUjkzmFj4FiWmpTSozJ/MlNuuaad6KY95AsJAO","previousCounter":6,"rootKey":"AFZVpP8aSw3l9Ji5bM7d17BG2GBIskTaA30zThxIy8o="},"indexInfo":{"baseKey":"BdYvvEMKLooMDGhgJvYkG38IS7BfKEhSb92qGsf90Bxu","baseKeyType":2,"closed":-1,"used":1759887595913,"created":1759880009232,"remoteIdentityKey":"BY9goFK0gEJ4ljm0Kz2BvJDhk9ysv9Vt961oYPSGzfN5"},"_chains":{"BVZpbffqRIO7dyuxb1su7VtZz3nmk+r9FmT4zaiP+ad/":{"chainKey":{"counter":7},"chainType":2,"messageKeys":{}},"BUE2bRRUjkzmFj4FiWmpTSozJ/MlNuuaad6KY95AsJAO":{"chainKey":{"counter":0,"key":"eD4dj5um19cGC4o3rXrSjXjD/cdmaHTZu0/Okg/iFF4="},"chainType":2,"messageKeys":{}},"Bcdumx9NLwy8VFJQ5G+dlv/WDV8BIaivJRCjDP6URdpX":{"chainKey":{"counter":-1,"key":"Dfb0Vg5fRswiupR4ApWmZVzK3tZHs8bvLRLGVO/aEUk="},"chainType":1,"messageKeys":{}}}}},"version":"v1"}