{"_sessions":{"BVYBnUw0lT/RNkUJ/gt+I05aeUeqL68XnKAVIwknOyYm":{"registrationId":2014941548,"currentRatchet":{"ephemeralKeyPair":{"pubKey":"BQNou/pg+DU8ZP/kuDN06X+1z8bxHoBUE+0iJhQanwYR","privKey":"EBWdx2TYN0JOeNfTS0Kau/KOLzpitV6qBDpdo5OPFkE="},"lastRemoteEphemeralKey":"BVssv07+FdURznmQb2xbxIxC4w1rWSYMhrrCekto7mU8","previousCounter":0,"rootKey":"NNlVIlcX7n8uW/74s4BWotHMHtTbofw8VBGtx7jVdKo="},"indexInfo":{"baseKey":"BVYBnUw0lT/RNkUJ/gt+I05aeUeqL68XnKAVIwknOyYm","baseKeyType":1,"closed":-1,"used":1759880868738,"created":1759880868738,"remoteIdentityKey":"BYB1Rx3FcDFQRlaU3jxTjH5q431yRLUGpRBPTp3HKtAm"},"_chains":{"BQNou/pg+DU8ZP/kuDN06X+1z8bxHoBUE+0iJhQanwYR":{"chainKey":{"counter":7,"key":"HJE8X6HFIag6bfC/If+my9iFevE7Xd3FCz1+2M8iqls="},"chainType":1,"messageKeys":{}}},"pendingPreKey":{"signedKeyId":1,"baseKey":"BVYBnUw0lT/RNkUJ/gt+I05aeUeqL68XnKAVIwknOyYm","preKeyId":68}}},"version":"v1"}