{"_sessions":{"BajEDTpBil8A23SsrLZT3a4lktw/fn5k5+07V368VU8l":{"registrationId":511476822,"currentRatchet":{"ephemeralKeyPair":{"pubKey":"BUsQqUD2hURNHZSlwjg0R6+Khi2VTsjgPc2sVrgkrwtF","privKey":"uMlIPYMDJI56KGWC7R9C+YNszu5gCuOa4SUh0216fHc="},"lastRemoteEphemeralKey":"BTvpMAmNIcU+44Hot3qJ0Lp+uwjC9jXxsVU2Iz5kKIsQ","previousCounter":0,"rootKey":"HkH00trYDx3k8trn3MK62LZsi+7uuhMmCEfECb40d9o="},"indexInfo":{"baseKey":"BajEDTpBil8A23SsrLZT3a4lktw/fn5k5+07V368VU8l","baseKeyType":2,"closed":-1,"used":1759880926658,"created":1759880926658,"remoteIdentityKey":"BXGNW1HmT9Ncx32/Mumcf/js4ROjS5/KIqlKWtaEQq58"},"_chains":{"BTvpMAmNIcU+44Hot3qJ0Lp+uwjC9jXxsVU2Iz5kKIsQ":{"chainKey":{"counter":0,"key":"g2nWizLU1+FmsGcHIJSey7Lt4y2xPnTXsZy3cNkKH2c="},"chainType":2,"messageKeys":{}},"BUsQqUD2hURNHZSlwjg0R6+Khi2VTsjgPc2sVrgkrwtF":{"chainKey":{"counter":-1,"key":"YahX6iuzfvrffWIE3CCcyyVptgNhXTSMUR+4Zi4dJRo="},"chainType":1,"messageKeys":{}}}}},"version":"v1"}