{"_sessions":{"BU6pT+3sonmZ3Pi2YHKacSr02BbQW2RjD7+fU00HEvUC":{"registrationId":1035463182,"currentRatchet":{"ephemeralKeyPair":{"pubKey":"BQmDESZP22xS8Q6hFFrYszd9cQrZeqMewYnYxBY+Uw18","privKey":"iIo3xncjsOsm446glVIDuDj38ip0qqMcrjfQ/RP0RmQ="},"lastRemoteEphemeralKey":"BWWcvv6ty47mliO9zRYO88Irt8I9GQKLtRarOG5vWo1Y","previousCounter":0,"rootKey":"5Ign2MQ9UCBHn/ZjSScV7VmFmKbjYyRx2hdS5nuhZiE="},"indexInfo":{"baseKey":"BU6pT+3sonmZ3Pi2YHKacSr02BbQW2RjD7+fU00HEvUC","baseKeyType":2,"closed":-1,"used":1759880956897,"created":1759880956897,"remoteIdentityKey":"Bas75nupgs1j4kcDNxeatD7EpmNSrCuu+aocHxkDlxdX"},"_chains":{"BWWcvv6ty47mliO9zRYO88Irt8I9GQKLtRarOG5vWo1Y":{"chainKey":{"counter":0,"key":"suM42g2anULr3k0x94Uz2ZIFgGQ0c4UZYXHpjoZhZUQ="},"chainType":2,"messageKeys":{}},"BQmDESZP22xS8Q6hFFrYszd9cQrZeqMewYnYxBY+Uw18":{"chainKey":{"counter":-1,"key":"BIl9PfKmElMoFUmvbfoo5WlOea7kKshZA2oF3x8KwuI="},"chainType":1,"messageKeys":{}}}}},"version":"v1"}