{"_sessions":{"Be1BdLTNU1a1hnsGjjCO8NEr0UZcFkEUIcWTYO74Qcxp":{"registrationId":229,"currentRatchet":{"ephemeralKeyPair":{"pubKey":"BbEFIM/di/3F8RmnAf8//vSYiOvAtfe+3lB9Qj9HESdX","privKey":"4M15p28FM5SCRnTlqjnv8u3fD+3UP3dM7E/tJpijGUs="},"lastRemoteEphemeralKey":"BdZIe7VcDOqB4sHkGJZ6kAu3ngrn+vwMfMhz7UZKYSUs","previousCounter":0,"rootKey":"i7O+ERPX3JyHigVU+QGxucxS+cB3OxkzGACwoTO0x9A="},"indexInfo":{"baseKey":"Be1BdLTNU1a1hnsGjjCO8NEr0UZcFkEUIcWTYO74Qcxp","baseKeyType":1,"closed":-1,"used":1759880868745,"created":1759880868745,"remoteIdentityKey":"BTy6QQiEaTL8knMJxLav35ctRq83xYvzt5KZ1r4qHJM9"},"_chains":{"BbEFIM/di/3F8RmnAf8//vSYiOvAtfe+3lB9Qj9HESdX":{"chainKey":{"counter":7,"key":"qOx2ETDeJ6QVOyc5ZRP4lssab9jpN/tsJOwltU4NdVc="},"chainType":1,"messageKeys":{}}},"pendingPreKey":{"signedKeyId":1,"baseKey":"Be1BdLTNU1a1hnsGjjCO8NEr0UZcFkEUIcWTYO74Qcxp","preKeyId":5}}},"version":"v1"}