{"_sessions":{"BaaUxT/evdcDa0EvZ21LltKrqsK96ndwzWhkjSZqvjw2":{"registrationId":71825300,"currentRatchet":{"ephemeralKeyPair":{"pubKey":"BcerDMRNPHxyK7fAJ/MaZN52c35z5dhF1nAxseQPD2Br","privKey":"oMOg1w/EllAxNWxyJg+gfwOm2lTycZ8l636vVRVGQVg="},"lastRemoteEphemeralKey":"BXzczJzxRJAAXlsH73j5up26GAzC+pKTeoF1zzBi2DhH","previousCounter":0,"rootKey":"Ni9aMrF5fwQwVo3uF9AHktW00tnSI1QuQVV07eCmIDc="},"indexInfo":{"baseKey":"BaaUxT/evdcDa0EvZ21LltKrqsK96ndwzWhkjSZqvjw2","baseKeyType":1,"closed":-1,"used":1759880871273,"created":1759880871273,"remoteIdentityKey":"Ba2HwIpZqu7QI/+AZY7jzPfqkaf6VK01wGjP6B2+51t/"},"_chains":{"BcerDMRNPHxyK7fAJ/MaZN52c35z5dhF1nAxseQPD2Br":{"chainKey":{"counter":2,"key":"SxnXJfS50Rw6ZO/kTAX2O7FuFsEBG8gUh9mlFu24KrE="},"chainType":1,"messageKeys":{}}},"pendingPreKey":{"signedKeyId":4716436,"baseKey":"BaaUxT/evdcDa0EvZ21LltKrqsK96ndwzWhkjSZqvjw2"}}},"version":"v1"}