{"_sessions":{"Bcl3UlSZVi/aFfpSRbMdKTr0c4g9R+sVjirGOPt6ZwxS":{"registrationId":431224361,"currentRatchet":{"ephemeralKeyPair":{"pubKey":"BQvZ+E7j+Zn8d/ZSE51O9ary3rh1mMM0sgwpdPyR5QNG","privKey":"SLoSzJE3+HqL5MC2sq+bWj7c7c+/zMuLH2yVBueexHA="},"lastRemoteEphemeralKey":"BbCEbf5scEPlXCx4bRcgJ7QSqWlbFTh8+hBeDbJky1R2","previousCounter":0,"rootKey":"d/nWA2W0U+UvBNpAg6GG4CeVrjfKBsJMWCQ2FCf743Y="},"indexInfo":{"baseKey":"Bcl3UlSZVi/aFfpSRbMdKTr0c4g9R+sVjirGOPt6ZwxS","baseKeyType":2,"closed":-1,"used":1759880923894,"created":1759880923894,"remoteIdentityKey":"BTcJmHA5ojJU7KVbovMJLlYdue8/FNFPN+45gpmfSLIv"},"_chains":{"BbCEbf5scEPlXCx4bRcgJ7QSqWlbFTh8+hBeDbJky1R2":{"chainKey":{"counter":1,"key":"NH64U5fdffR2ewMNreb7BUvNcKxju5KM4Eu1Wuf/ySc="},"chainType":2,"messageKeys":{}},"BQvZ+E7j+Zn8d/ZSE51O9ary3rh1mMM0sgwpdPyR5QNG":{"chainKey":{"counter":-1,"key":"fQvueGpaib/oSiMktQEx1S71BMwgTErE4XOuFSPO8iA="},"chainType":1,"messageKeys":{}}}}},"version":"v1"}