{"_sessions":{"BQWYwGdIoqcwRIn9t5lgViD3sD9Fa4aYRWoQXduhFuo0":{"registrationId":76459066,"currentRatchet":{"ephemeralKeyPair":{"pubKey":"Bfb2BO9ZQshUAV/qhcFUh7SkHv8kwI8iLQdYBguNylB2","privKey":"UEYmEN4NbdmzBxaIKQWgxp4k9DC3lpgz5Ax1egVlgFU="},"lastRemoteEphemeralKey":"BUinJY3R1b38G9U45ypj4xDuUxMTgCuWxkFWcQi5GCV+","previousCounter":0,"rootKey":"jot5enqgjLEIwiCVPXj7dAZetUdSwRYqAv6TwSrseno="},"indexInfo":{"baseKey":"BQWYwGdIoqcwRIn9t5lgViD3sD9Fa4aYRWoQXduhFuo0","baseKeyType":1,"closed":-1,"used":1759880868750,"created":1759880868750,"remoteIdentityKey":"BS8HGNyDSC1jo2xf+EPmdtlL+1uu/J6fqMyCadbkyrNM"},"_chains":{"Bfb2BO9ZQshUAV/qhcFUh7SkHv8kwI8iLQdYBguNylB2":{"chainKey":{"counter":2,"key":"5vMi/PxMVhxiHQCt4bIN/ftz3GVFclFGl6LKIYJ09PE="},"chainType":1,"messageKeys":{}}},"pendingPreKey":{"signedKeyId":9350202,"baseKey":"BQWYwGdIoqcwRIn9t5lgViD3sD9Fa4aYRWoQXduhFuo0"}}},"version":"v1"}