{"_sessions":{"BVj52U745l1vEx0piOmaod9Yqj//MRt6K/jFPyPf4O5w":{"registrationId":1986105585,"currentRatchet":{"ephemeralKeyPair":{"pubKey":"Bfa5J3Khii/KTi9ADAE2A8dfPCS7iVMJa3geR00VKdYX","privKey":"UHWEV2yTP0ixYQ4SLDaEex6NR12bXYZcJ43llI2NZUg="},"lastRemoteEphemeralKey":"Bc3Co7PSCsatAt+CtZOZeFcnqgABkmVjtubYmxavg7YO","previousCounter":0,"rootKey":"wHe3HkK89r5GNVyunWHyPOu+3y+j2c4WaTQGgGh2GGg="},"indexInfo":{"baseKey":"BVj52U745l1vEx0piOmaod9Yqj//MRt6K/jFPyPf4O5w","baseKeyType":2,"closed":-1,"used":1759881380399,"created":1759881380399,"remoteIdentityKey":"Bb0LHTZxzo6KVOqgsknV087ntx4PaEa+scnjY1+Cg+Y0"},"_chains":{"Bc3Co7PSCsatAt+CtZOZeFcnqgABkmVjtubYmxavg7YO":{"chainKey":{"counter":0,"key":"gIm6Mh0ktIuHepjvzFG/wHnSgWT/vekBvR/kL63wP2c="},"chainType":2,"messageKeys":{}},"Bfa5J3Khii/KTi9ADAE2A8dfPCS7iVMJa3geR00VKdYX":{"chainKey":{"counter":-1,"key":"WnTTWtKkZyeb071J2yf/guoXNgowySaEC8r0oBDMSqU="},"chainType":1,"messageKeys":{}}}}},"version":"v1"}