{"noiseKey":{"private":{"type":"Buffer","data":"uAD6S3db5ff4+SrzTCMtFtcPuhCPJNp4WpjVtv+WE1c="},"public":{"type":"Buffer","data":"OfI7BdFlWiGSvHz+0jwYb1aNVcyjlCYQ75PysfkbKRc="}},"pairingEphemeralKeyPair":{"private":{"type":"Buffer","data":"CAOUrMHRfyueSQViPMFopkDasFzh2sUk/5bQO7PsuUI="},"public":{"type":"Buffer","data":"tLDuaOod6hmGYEsNXIjm+DeHJPBcqT0fP1JCocaSejE="}},"signedIdentityKey":{"private":{"type":"Buffer","data":"4O0+ehIRzkvxH3Ygh3N/xyHCNjsoJgV2Zrp6McN98mc="},"public":{"type":"Buffer","data":"BeEmhAwuUP9nYDqMX0fAzR68ygykG6robNmqYijlLjs="}},"signedPreKey":{"keyPair":{"private":{"type":"Buffer","data":"CO3hEhyI++aqEpVHq7UkIpTt7xUZoPfaIl36klA1eEU="},"public":{"type":"Buffer","data":"f+QvBIuui/jBDVNXSJa4NnboVcwkoN2z69WHsRKN2ns="}},"signature":{"type":"Buffer","data":"/hYvdC9D1Evce8cEzejVUy+YjM1jhqYujCU1cyoclrRXgWDyuirojWgwjrPxtnMkoj779FTWO8DyYqVqKED/hg=="},"keyId":1},"registrationId":103,"advSecretKey":"FSrMnGTqRjRBKlzo6p/3qUfZyHPMfKtFx7/YiGLlKMw=","processedHistoryMessages":[],"nextPreKeyId":31,"firstUnuploadedPreKeyId":31,"accountSyncCounter":0,"accountSettings":{"unarchiveChats":false},"registered":false,"account":{"details":"CKeVhq8BELK8tMcGGJABIAAoAA==","accountSignatureKey":"prentGEkVnkps84wo1M6JmPaeRa9aL5rWwgPiFWNsD4=","accountSignature":"4cHx+1ZCZfk+wzHM9H12+r/r6d5HbR8vitEnnTHVxyPEej7zAzrqb3HqlZjIXqBffzOqXwVv7RKhjIu2eMc0Aw==","deviceSignature":"amXjy339CIQZQhVQbBGDT6aySzv+/isJgd6FBZygrDGStwDzAShxF7EU99oPAFej+u8RjjKsKJjqbep0yx/ggw=="},"me":{"id":"5511930402675:74@s.whatsapp.net","lid":"52076965040245:74@lid","name":"Jhonatan Alves"},"signalIdentities":[{"identifier":{"name":"5511930402675:74@s.whatsapp.net","deviceId":0},"identifierKey":{"type":"Buffer","data":"Baa3p7RhJFZ5KbPOMKNTOiZj2nkWvWi+a1sID4hVjbA+"}}],"platform":"android","routingInfo":{"type":"Buffer","data":"CAIIDQ=="},"lastAccountSyncTimestamp":1760370584,"myAppStateKeyId":"AAAAAOp5"}