{"_sessions":{"BXSp4KJaVNvDA7SRUHlQgvugVKxrgz3ftoTnAmJG/Etq":{"registrationId":1501750707,"currentRatchet":{"ephemeralKeyPair":{"pubKey":"BUarMSGQfnCDqdSTqse2knJDQ4BGFUaF4mxioN9zjeF3","privKey":"SJ6sXUirg4WjTXv9sNeeE3uvcf6SxPjP8zbsmrGtG04="},"lastRemoteEphemeralKey":"BQs+rfmKKEv+417EU1tv7P4QUZlau5jYV25o6XqlSPs+","previousCounter":0,"rootKey":"xZET0Siu94kivovhvGU9ShIIYPki07L3IIQsQXsjDYI="},"indexInfo":{"baseKey":"BXSp4KJaVNvDA7SRUHlQgvugVKxrgz3ftoTnAmJG/Etq","baseKeyType":2,"closed":-1,"used":1760370436617,"created":1760370436617,"remoteIdentityKey":"BY9goFK0gEJ4ljm0Kz2BvJDhk9ysv9Vt961oYPSGzfN5"},"_chains":{"BQs+rfmKKEv+417EU1tv7P4QUZlau5jYV25o6XqlSPs+":{"chainKey":{"counter":0,"key":"o741eeOBUU90obW8Ht0gUYctHYfRbT7IJQpGX1ZMnac="},"chainType":2,"messageKeys":{}},"BUarMSGQfnCDqdSTqse2knJDQ4BGFUaF4mxioN9zjeF3":{"chainKey":{"counter":5,"key":"EGcg5VgGXY6P2l0oVVVXyJ+WqvQ1sxGT9tM6p4lnvMc="},"chainType":1,"messageKeys":{}}}}},"version":"v1"}