{"_sessions":{"BaYLCS2eGncmd5i3979m7NpCiGXNHd2/wiucxmQ9zb0g":{"registrationId":1023894150,"currentRatchet":{"ephemeralKeyPair":{"pubKey":"Bfmqk9wijM73ORxcRYyLufRDl3fKe9QQhFY41yF+SLlw","privKey":"GCnW/3Ww8JfiI3NDmmyqbCCI0ouPnLV1yrBNvk9V0XU="},"lastRemoteEphemeralKey":"BSTnwIPR7GFWatd3u6WZ4qadygfeVMEdoRT4fE/g+b4S","previousCounter":0,"rootKey":"N/dQb1l/3PdlDmGi+YxraMoH4oIRoh1xxJSMBnxtOcQ="},"indexInfo":{"baseKey":"BaYLCS2eGncmd5i3979m7NpCiGXNHd2/wiucxmQ9zb0g","baseKeyType":2,"closed":-1,"used":1760370755510,"created":1760370755510,"remoteIdentityKey":"BVwYCB7LLUvR+zQaMdmg/313qPSCST2RwpjZVbX1HNwf"},"_chains":{"BSTnwIPR7GFWatd3u6WZ4qadygfeVMEdoRT4fE/g+b4S":{"chainKey":{"counter":0,"key":"Uh2bQ9brtUn/ajGvIOPB1EuqV/Q0dICxFSz+H5Sl+IA="},"chainType":2,"messageKeys":{}},"Bfmqk9wijM73ORxcRYyLufRDl3fKe9QQhFY41yF+SLlw":{"chainKey":{"counter":-1,"key":"26PAfCAZZT0skYMjx5OkFlOe97Pf62LvQGO+zRf5Mtk="},"chainType":1,"messageKeys":{}}}}},"version":"v1"}