{"_sessions":{"BXFLrgnVQFr1lkl8wNUElzDBskp0PaVTx+q+Eb5fkDMH":{"registrationId":2014941548,"currentRatchet":{"ephemeralKeyPair":{"pubKey":"BRHbOBaxc5Vo/KKCqKspShJZ62CJy66nKL1vMiLGdmg2","privKey":"CBY32HVWzttrMNI+lfSnEdBBaNRbmjGcs3CPoqCJtXM="},"lastRemoteEphemeralKey":"BVssv07+FdURznmQb2xbxIxC4w1rWSYMhrrCekto7mU8","previousCounter":0,"rootKey":"gW8k8e/Mob7Nd2IN/lBwolTpPZ96MsAiaLnSu1BDgAw="},"indexInfo":{"baseKey":"BXFLrgnVQFr1lkl8wNUElzDBskp0PaVTx+q+Eb5fkDMH","baseKeyType":1,"closed":-1,"used":1760373250784,"created":1760373250784,"remoteIdentityKey":"BYB1Rx3FcDFQRlaU3jxTjH5q431yRLUGpRBPTp3HKtAm"},"_chains":{"BRHbOBaxc5Vo/KKCqKspShJZ62CJy66nKL1vMiLGdmg2":{"chainKey":{"counter":5,"key":"2SJtExi7b3FJxXCwaari4sR2/XS1j4Sz/Z0RugfTCD0="},"chainType":1,"messageKeys":{}}},"pendingPreKey":{"signedKeyId":1,"baseKey":"BXFLrgnVQFr1lkl8wNUElzDBskp0PaVTx+q+Eb5fkDMH","preKeyId":780}}},"version":"v1"}