{"_sessions":{"BZ37eliQNR+/M9e/XxIbgLJQA7r+etCjySrvTUnrgGxY":{"registrationId":845753889,"currentRatchet":{"ephemeralKeyPair":{"pubKey":"BVoXyeg7I4PkyabwlixXaVd/4XvcY2vNPO5FbEGP8jhp","privKey":"+Io0tc+Bb6ae4P2B4ZPBHTaw7maZ2Cig1DIkwgJqx1c="},"lastRemoteEphemeralKey":"BYSNYPXRTSejkhgfvObtiqUx6lOldRig02/ILgSwzYN6","previousCounter":14,"rootKey":"GaYlurNsQzPOn6CXFin7AvNQrkTJwrMPvhod0GscIh4="},"indexInfo":{"baseKey":"BZ37eliQNR+/M9e/XxIbgLJQA7r+etCjySrvTUnrgGxY","baseKeyType":1,"closed":-1,"used":1760374191277,"created":1760370595296,"remoteIdentityKey":"BVs7J7v40dyorsudgMx5bEzxvXQl3KElq5Z5NksHKmJf"},"_chains":{"BWTbshYd980ERYzfpoq4XJGJfVg53EknGf7doQZc4tEI":{"chainKey":{"counter":1},"chainType":2,"messageKeys":{}},"BYSNYPXRTSejkhgfvObtiqUx6lOldRig02/ILgSwzYN6":{"chainKey":{"counter":0,"key":"J5kd26by7FxmMLLw7Mm79Ol0EEySwS90r2EQOuX389Y="},"chainType":2,"messageKeys":{}},"BVoXyeg7I4PkyabwlixXaVd/4XvcY2vNPO5FbEGP8jhp":{"chainKey":{"counter":-1,"key":"QbPKh004EQnSWB7W9uy6xRqVel+J2nYFa1mH/p+954g="},"chainType":1,"messageKeys":{}}}}},"version":"v1"}