{"_sessions":{"BZTPx/P9jCsDOKehyW3tHVJRPH6tD2J5tgMtTdciarE9":{"registrationId":2075571683,"currentRatchet":{"ephemeralKeyPair":{"pubKey":"BTQ3snHO2WPyO1byi2fqu3Ya5b/rIL1QPfTFM2Qr3g4r","privKey":"YPr7q/H15cs0FeNxO2DmjW6WY6/DkKv8Byi979CMG3o="},"lastRemoteEphemeralKey":"BZ34BTNleE/Z/xRJoaQ+r6YZraDXNoR8FURmLyBb7CJ7","previousCounter":0,"rootKey":"BQlJ77dPbUsN64X6QBebEjH6I+SyhBgms4YVWLF5M74="},"indexInfo":{"baseKey":"BZTPx/P9jCsDOKehyW3tHVJRPH6tD2J5tgMtTdciarE9","baseKeyType":2,"closed":-1,"used":1760373110182,"created":1760373110182,"remoteIdentityKey":"BUnJhvke3c2foG0SXvyOeBtO/+VbEF7qxbFRjbTn5r1M"},"_chains":{"BZ34BTNleE/Z/xRJoaQ+r6YZraDXNoR8FURmLyBb7CJ7":{"chainKey":{"counter":1,"key":"vN4XIaG1TywdDC19TGK93VlCGMczGTS4+dQuZ0KUFFM="},"chainType":2,"messageKeys":{"0":"JnDW6zexG8pnsjlSXUfvpLLF2IxFHDTL+RA1IvxfmmU="}},"BTQ3snHO2WPyO1byi2fqu3Ya5b/rIL1QPfTFM2Qr3g4r":{"chainKey":{"counter":-1,"key":"K7LyW0OkcIGiOrB5nkELncjiAW4fxg73OJiO8Mf7EAA="},"chainType":1,"messageKeys":{}}}}},"version":"v1"}