{"_sessions":{"BTRKSuirKB3JGK7/S08UAFa5UaSr8/70EDX3SMV9/XBC":{"registrationId":229,"currentRatchet":{"ephemeralKeyPair":{"pubKey":"BT62zjovEhn4eNnckxdPNYVg2IBDsnsJW0zbmM4JXdI6","privKey":"OJaPfWlh7zQX7lO5V67JIDKgdNXpMNQueFImuaLc2Vg="},"lastRemoteEphemeralKey":"BdZIe7VcDOqB4sHkGJZ6kAu3ngrn+vwMfMhz7UZKYSUs","previousCounter":0,"rootKey":"/h/bT0UubAs/4TrDS/cLGRcRYfRcVqcGZ427nDDM/Gc="},"indexInfo":{"baseKey":"BTRKSuirKB3JGK7/S08UAFa5UaSr8/70EDX3SMV9/XBC","baseKeyType":1,"closed":-1,"used":1760373250784,"created":1760373250784,"remoteIdentityKey":"BTy6QQiEaTL8knMJxLav35ctRq83xYvzt5KZ1r4qHJM9"},"_chains":{"BT62zjovEhn4eNnckxdPNYVg2IBDsnsJW0zbmM4JXdI6":{"chainKey":{"counter":5,"key":"maHXvft2qPSzYSl84isoub9SnwYZ7jYlD/9EtfNEd2s="},"chainType":1,"messageKeys":{}}},"pendingPreKey":{"signedKeyId":1,"baseKey":"BTRKSuirKB3JGK7/S08UAFa5UaSr8/70EDX3SMV9/XBC"}}},"version":"v1"}