{"_sessions":{"Bd9Z/WlUtp1MhziVG5ZLY5v6CvlTZEvmipZLs00yT9Ys":{"registrationId":2122778042,"currentRatchet":{"ephemeralKeyPair":{"pubKey":"Bca2kxQsn6TUEgb6JXqFPVphbhTH87QeBpgeJdVAqyFp","privKey":"0JRIw0jrp5AdjipN9uSjZ+FI21OuodpFBIjA9E6imFI="},"lastRemoteEphemeralKey":"BRfMWjdjTwt9xCdie82iVKnZZn5S1YlGfWWUU0ons98f","previousCounter":0,"rootKey":"DS5Y50FsRXX3yepsFAXzw2aATyNJuBBsaPOwTWzz8fA="},"indexInfo":{"baseKey":"Bd9Z/WlUtp1MhziVG5ZLY5v6CvlTZEvmipZLs00yT9Ys","baseKeyType":1,"closed":-1,"used":1760370595295,"created":1760370595295,"remoteIdentityKey":"BZfoEt/Y1+O3TH8uNt5t0qMmYqdC9JHCJN1xQLex+yYk"},"_chains":{"Bca2kxQsn6TUEgb6JXqFPVphbhTH87QeBpgeJdVAqyFp":{"chainKey":{"counter":23,"key":"lm1jict0joJlCok/nVaHVcL5J8824r508QlYZH1074w="},"chainType":1,"messageKeys":{}}},"pendingPreKey":{"signedKeyId":2,"baseKey":"Bd9Z/WlUtp1MhziVG5ZLY5v6CvlTZEvmipZLs00yT9Ys","preKeyId":566350}}},"version":"v1"}