{"_sessions":{"BXlAeqS4Nmk2UHzbimWF/Ae/AVn/3rvB/sncRxSCPOkX":{"registrationId":1782842090,"currentRatchet":{"ephemeralKeyPair":{"pubKey":"BZamDrwt972CAhygNgaQ1+AUIUcJiP2q/Ro9r52W42hz","privKey":"WA9G/OorAlHCtMg/ivv4JSwCHGyJpGAC7Qp+sYCHREY="},"lastRemoteEphemeralKey":"BbqRrBGUUb5pHPFCoYJSjj4UD3vzndw1sFV6Ss8eqrMC","previousCounter":0,"rootKey":"4sxIomK+2P0c/HIp4s37gSuvpRyMBsfF2rWb/Y8ZJ9k="},"indexInfo":{"baseKey":"BXlAeqS4Nmk2UHzbimWF/Ae/AVn/3rvB/sncRxSCPOkX","baseKeyType":2,"closed":-1,"used":1760371592753,"created":1760371592753,"remoteIdentityKey":"BXt9DURMkn4rsGX5uh0krMpJkw+ZBHoiMjLXpKvwgJN6"},"_chains":{"BbqRrBGUUb5pHPFCoYJSjj4UD3vzndw1sFV6Ss8eqrMC":{"chainKey":{"counter":0,"key":"igtE0hMDRXX5Wrf6k2474KSNVLWWVRKuz+8vSw/6rvU="},"chainType":2,"messageKeys":{}},"BZamDrwt972CAhygNgaQ1+AUIUcJiP2q/Ro9r52W42hz":{"chainKey":{"counter":-1,"key":"WVqrOECFLBNDbnPPllGx4andRSATQHASsFxDmBE3PAg="},"chainType":1,"messageKeys":{}}}}},"version":"v1"}