{"_sessions":{"BdOwkD1y8ORoirxnYDqQodJ0g+Nj9ODpYjEZp3cEmvgT":{"registrationId":1862381224,"currentRatchet":{"ephemeralKeyPair":{"pubKey":"BfBdTFAL7vPsvnwUupEkEJ5zGwkF9sRrbxkWt+9RaUZP","privKey":"IFRxgpT6nc7bUFzJv520kFctsA4vKiDbhiCDzs1NmEo="},"lastRemoteEphemeralKey":"BUUD/e0Bqu+oEKhQAUMZMb511w+HSXDVhrvufP4sNgVL","previousCounter":0,"rootKey":"7BVTaSjciQP/BOYVsAo5Eq9w8QBdmv0cmjB4DBtnPqU="},"indexInfo":{"baseKey":"BdOwkD1y8ORoirxnYDqQodJ0g+Nj9ODpYjEZp3cEmvgT","baseKeyType":2,"closed":-1,"used":1760371681862,"created":1760371681861,"remoteIdentityKey":"BaJTcEnYdQf1ayIMvObOCpdJNyysZEMhvnCTbzF2189b"},"_chains":{"BUUD/e0Bqu+oEKhQAUMZMb511w+HSXDVhrvufP4sNgVL":{"chainKey":{"counter":0,"key":"Kx7H09zHoySQ/Ub81MmmIT0TIDKLw9nfVoXavahGopE="},"chainType":2,"messageKeys":{}},"BfBdTFAL7vPsvnwUupEkEJ5zGwkF9sRrbxkWt+9RaUZP":{"chainKey":{"counter":-1,"key":"bAz2WdxBb1KOAMWzWjev88FTLh23tCqUleTU/CNGafo="},"chainType":1,"messageKeys":{}}}}},"version":"v1"}