{"_sessions":{"BVVoLqS0WT+MShNe/5QrTkgbktLrxqjFPxpYy4PcsIMR":{"registrationId":1456040716,"currentRatchet":{"ephemeralKeyPair":{"pubKey":"BfUYcCgNqCGMaqBNL/j6fMilUchcjFDCkaTp9tJ1VJoh","privKey":"aGJXvp1ihYFarxFZxKNQ7fZWVckYKe0zFEGDjXAdhkE="},"lastRemoteEphemeralKey":"BS8K3IKhV2JFvq66tzzcexwVqt6bXO06NJJW4jss1sJN","previousCounter":0,"rootKey":"EYf07Ktq7Tveb37t5dE18wcqo1rlPMS//okM9Jp9Els="},"indexInfo":{"baseKey":"BVVoLqS0WT+MShNe/5QrTkgbktLrxqjFPxpYy4PcsIMR","baseKeyType":2,"closed":-1,"used":1760370235958,"created":1760370235958,"remoteIdentityKey":"Baa3p7RhJFZ5KbPOMKNTOiZj2nkWvWi+a1sID4hVjbA+"},"_chains":{"BS8K3IKhV2JFvq66tzzcexwVqt6bXO06NJJW4jss1sJN":{"chainKey":{"counter":12,"key":"+96eOCs6IGbTINJ6RiRQdIEB/pkRveTfCbsBI8xuvco="},"chainType":2,"messageKeys":{"3":"4PxoMP11/YoiwTmoe+BsEqXyotZl5tvMcwVPwOzqQgU="}},"BfUYcCgNqCGMaqBNL/j6fMilUchcjFDCkaTp9tJ1VJoh":{"chainKey":{"counter":16,"key":"wSpzjMW4jo07/WdnURPGFbL94IrzoOQulqFZ/jmLNZM="},"chainType":1,"messageKeys":{}}}}},"version":"v1"}